{
    "loss": 5.499144077301025,
    "accuracy": 0.5512820482254028
}