{
    "loss": 1.4328272342681885,
    "accuracy": 0.8205128312110901
}