{
    "loss": 1.2842038869857788,
    "accuracy": 0.8461538553237915
}